country,year,week,cases_by_week,deaths_by_week
AFGHANISTAN,2023,1,3167.0,0.0
AFGHANISTAN,2024,1,0.0,0.0
AFGHANISTAN,2023,2,2447.0,2.0
AFGHANISTAN,2024,2,4063.0,5.0
AFGHANISTAN,2023,3,2002.0,1.0
AFGHANISTAN,2024,3,2372.0,3.0
AFGHANISTAN,2023,4,2012.0,0.0
AFGHANISTAN,2024,4,1967.0,0.0
AFGHANISTAN,2023,5,2266.0,1.0
AFGHANISTAN,2024,5,1847.0,0.0
AFGHANISTAN,2023,6,2339.0,1.0
AFGHANISTAN,2024,6,1722.0,0.0
AFGHANISTAN,2023,7,2263.0,1.0
AFGHANISTAN,2024,7,1808.0,1.0
AFGHANISTAN,2023,8,2836.0,1.0
AFGHANISTAN,2024,8,1787.0,1.0
AFGHANISTAN,2023,9,1815.0,0.0
AFGHANISTAN,2024,9,1784.0,2.0
AFGHANISTAN,2023,10,9927.0,1.0
AFGHANISTAN,2024,10,1890.0,0.0
AFGHANISTAN,2023,11,0.0,0.0
AFGHANISTAN,2024,11,1642.0,0.0
AFGHANISTAN,2023,12,0.0,0.0
AFGHANISTAN,2024,12,1837.0,1.0
AFGHANISTAN,2023,13,0.0,0.0
AFGHANISTAN,2024,13,1834.0,0.0
AFGHANISTAN,2023,14,6055.0,5.0
AFGHANISTAN,2024,14,2044.0,0.0
AFGHANISTAN,2023,15,979.0,7.0
AFGHANISTAN,2024,15,1893.0,0.0
AFGHANISTAN,2023,16,2226.0,0.0
AFGHANISTAN,2024,16,2233.0,1.0
AFGHANISTAN,2023,17,3717.0,4.0
AFGHANISTAN,2024,17,2584.0,2.0
AFGHANISTAN,2023,18,3704.0,2.0
AFGHANISTAN,2024,18,2626.0,2.0
AFGHANISTAN,2023,19,3419.0,1.0
AFGHANISTAN,2024,19,3142.0,4.0
AFGHANISTAN,2023,20,3901.0,0.0
AFGHANISTAN,2024,20,3566.0,3.0
AFGHANISTAN,2023,21,4451.0,1.0
AFGHANISTAN,2024,21,4117.0,0.0
AFGHANISTAN,2023,22,4461.0,0.0
AFGHANISTAN,2024,22,4906.0,1.0
AFGHANISTAN,2023,23,3767.0,2.0
AFGHANISTAN,2024,23,4743.0,1.0
AFGHANISTAN,2023,24,5704.0,3.0
AFGHANISTAN,2024,24,4749.0,4.0
AFGHANISTAN,2023,25,7007.0,6.0
AFGHANISTAN,2024,25,3884.0,3.0
AFGHANISTAN,2023,26,4763.0,1.0
AFGHANISTAN,2024,26,5310.0,4.0
AFGHANISTAN,2023,27,5573.0,3.0
AFGHANISTAN,2024,27,5809.0,2.0
AFGHANISTAN,2023,28,8050.0,3.0
AFGHANISTAN,2024,28,5926.0,6.0
AFGHANISTAN,2023,29,6924.0,4.0
AFGHANISTAN,2024,29,6388.0,1.0
AFGHANISTAN,2023,30,7083.0,3.0
AFGHANISTAN,2024,30,6828.0,1.0
AFGHANISTAN,2023,31,7716.0,6.0
AFGHANISTAN,2024,31,6369.0,2.0
AFGHANISTAN,2023,32,8306.0,4.0
AFGHANISTAN,2024,32,6479.0,3.0
AFGHANISTAN,2023,33,8153.0,4.0
AFGHANISTAN,2024,33,6081.0,3.0
AFGHANISTAN,2023,34,7510.0,7.0
AFGHANISTAN,2023,35,7655.0,2.0
AFGHANISTAN,2023,36,6580.0,6.0
AFGHANISTAN,2023,37,6588.0,
AFGHANISTAN,2023,38,5874.0,3.0
AFGHANISTAN,2023,39,5464.0,2.0
AFGHANISTAN,2023,40,5008.0,1.0
AFGHANISTAN,2023,41,3734.0,0.0
AFGHANISTAN,2023,42,5278.0,3.0
AFGHANISTAN,2023,43,4612.0,5.0
AFGHANISTAN,2023,44,4232.0,
AFGHANISTAN,2023,45,4333.0,1.0
AFGHANISTAN,2023,46,3242.0,0.0
AFGHANISTAN,2023,47,2662.0,0.0
AFGHANISTAN,2023,48,3000.0,2.0
AFGHANISTAN,2023,49,2422.0,4.0
AFGHANISTAN,2023,50,2378.0,1.0
AFGHANISTAN,2023,51,2148.0,0.0
AFGHANISTAN,2023,52,2496.0,1.0
BANGLADESH,2023,1,3.0,0.0
BANGLADESH,2024,1,0.0,0.0
BANGLADESH,2023,2,1.0,0.0
BANGLADESH,2024,2,0.0,0.0
BANGLADESH,2023,3,0.0,0.0
BANGLADESH,2024,3,1.0,0.0
BANGLADESH,2023,4,3.0,0.0
BANGLADESH,2024,4,0.0,0.0
BANGLADESH,2023,5,3.0,0.0
BANGLADESH,2024,5,0.0,0.0
BANGLADESH,2023,6,1.0,0.0
BANGLADESH,2024,6,2.0,0.0
BANGLADESH,2023,7,1.0,0.0
BANGLADESH,2024,7,0.0,0.0
BANGLADESH,2023,8,4.0,0.0
BANGLADESH,2024,8,0.0,0.0
BANGLADESH,2023,9,2.0,0.0
BANGLADESH,2024,9,0.0,0.0
BANGLADESH,2023,10,1.0,0.0
BANGLADESH,2024,10,0.0,0.0
BANGLADESH,2023,11,0.0,0.0
BANGLADESH,2024,11,0.0,0.0
BANGLADESH,2023,12,5.0,0.0
BANGLADESH,2024,12,0.0,0.0
BANGLADESH,2023,13,35.0,0.0
BANGLADESH,2024,13,0.0,0.0
BANGLADESH,2023,14,26.0,0.0
BANGLADESH,2024,14,0.0,0.0
BANGLADESH,2023,15,7.0,0.0
BANGLADESH,2024,15,0.0,0.0
BANGLADESH,2023,16,6.0,0.0
BANGLADESH,2024,16,2.0,0.0
BANGLADESH,2023,17,0.0,0.0
BANGLADESH,2024,17,1.0,0.0
BANGLADESH,2023,18,4.0,0.0
BANGLADESH,2024,18,0.0,0.0
BANGLADESH,2023,19,5.0,0.0
BANGLADESH,2024,19,1.0,0.0
BANGLADESH,2023,20,0.0,0.0
BANGLADESH,2024,20,0.0,0.0
BANGLADESH,2023,21,4.0,0.0
BANGLADESH,2024,21,1.0,0.0
BANGLADESH,2023,22,2.0,0.0
BANGLADESH,2024,22,1.0,0.0
BANGLADESH,2023,23,1.0,0.0
BANGLADESH,2024,23,0.0,0.0
BANGLADESH,2023,24,2.0,0.0
BANGLADESH,2024,24,0.0,0.0
BANGLADESH,2023,25,0.0,0.0
BANGLADESH,2024,25,0.0,0.0
BANGLADESH,2023,26,0.0,0.0
BANGLADESH,2024,26,15.0,0.0
BANGLADESH,2023,27,1.0,0.0
BANGLADESH,2024,27,0.0,0.0
BANGLADESH,2023,28,0.0,0.0
BANGLADESH,2024,28,46.0,0.0
BANGLADESH,2023,29,1.0,0.0
BANGLADESH,2024,29,0.0,0.0
BANGLADESH,2023,30,0.0,0.0
BANGLADESH,2024,30,16.0,0.0
BANGLADESH,2023,31,3.0,0.0
BANGLADESH,2024,31,13.0,0.0
BANGLADESH,2023,32,0.0,0.0
BANGLADESH,2024,32,14.0,0.0
BANGLADESH,2023,33,0.0,0.0
BANGLADESH,2024,33,25.0,0.0
BANGLADESH,2023,34,0.0,0.0
BANGLADESH,2023,35,0.0,0.0
BANGLADESH,2023,36,0.0,0.0
BANGLADESH,2023,37,0.0,0.0
BANGLADESH,2023,38,0.0,0.0
BANGLADESH,2023,39,0.0,0.0
BANGLADESH,2023,40,0.0,0.0
BANGLADESH,2023,41,13.0,0.0
BANGLADESH,2023,42,2.0,0.0
BANGLADESH,2023,43,5.0,0.0
BANGLADESH,2023,44,0.0,0.0
BANGLADESH,2023,45,10.0,0.0
BANGLADESH,2023,46,3.0,0.0
BANGLADESH,2023,47,0.0,0.0
BANGLADESH,2023,48,2.0,0.0
BANGLADESH,2023,49,2.0,0.0
BANGLADESH,2023,50,0.0,0.0
BANGLADESH,2023,51,0.0,0.0
BANGLADESH,2023,52,0.0,0.0
BURUNDI,2023,1,0.0,0.0
BURUNDI,2024,1,11.0,0.0
BURUNDI,2023,2,49.0,1.0
BURUNDI,2024,2,13.0,0.0
BURUNDI,2023,3,12.0,0.0
BURUNDI,2024,3,8.0,0.0
BURUNDI,2023,4,20.0,0.0
BURUNDI,2024,4,14.0,0.0
BURUNDI,2023,5,13.0,0.0
BURUNDI,2024,5,10.0,0.0
BURUNDI,2023,6,3.0,0.0
BURUNDI,2024,6,11.0,0.0
BURUNDI,2023,7,4.0,0.0
BURUNDI,2024,7,15.0,0.0
BURUNDI,2023,8,13.0,0.0
BURUNDI,2024,8,3.0,0.0
BURUNDI,2023,9,7.0,0.0
BURUNDI,2024,9,2.0,0.0
BURUNDI,2023,10,27.0,0.0
BURUNDI,2024,10,10.0,0.0
BURUNDI,2023,11,11.0,0.0
BURUNDI,2024,11,4.0,0.0
BURUNDI,2023,12,13.0,0.0
BURUNDI,2024,12,8.0,0.0
BURUNDI,2023,13,9.0,0.0
BURUNDI,2024,13,1.0,0.0
BURUNDI,2023,14,22.0,0.0
BURUNDI,2024,14,11.0,0.0
BURUNDI,2023,15,54.0,0.0
BURUNDI,2024,15,13.0,0.0
BURUNDI,2023,16,40.0,2.0
BURUNDI,2024,16,27.0,0.0
BURUNDI,2023,17,34.0,0.0
BURUNDI,2024,17,36.0,0.0
BURUNDI,2023,18,25.0,0.0
BURUNDI,2024,18,49.0,0.0
BURUNDI,2023,19,28.0,2.0
BURUNDI,2024,19,70.0,1.0
BURUNDI,2023,20,24.0,0.0
BURUNDI,2024,20,119.0,0.0
BURUNDI,2023,21,18.0,2.0
BURUNDI,2024,21,60.0,0.0
BURUNDI,2023,22,42.0,0.0
BURUNDI,2024,22,27.0,1.0
BURUNDI,2023,23,26.0,2.0
BURUNDI,2024,23,20.0,0.0
BURUNDI,2023,24,17.0,0.0
BURUNDI,2024,24,21.0,0.0
BURUNDI,2023,25,7.0,0.0
BURUNDI,2024,25,20.0,0.0
BURUNDI,2023,26,20.0,0.0
BURUNDI,2024,26,37.0,1.0
BURUNDI,2023,27,11.0,0.0
BURUNDI,2024,27,43.0,0.0
BURUNDI,2023,28,8.0,0.0
BURUNDI,2024,28,24.0,0.0
BURUNDI,2023,29,10.0,0.0
BURUNDI,2024,29,12.0,0.0
BURUNDI,2023,30,6.0,0.0
BURUNDI,2024,30,17.0,0.0
BURUNDI,2023,31,6.0,0.0
BURUNDI,2024,31,8.0,0.0
BURUNDI,2023,32,6.0,0.0
BURUNDI,2024,32,4.0,0.0
BURUNDI,2023,33,6.0,0.0
BURUNDI,2024,33,9.0,0.0
BURUNDI,2023,34,53.0,0.0
BURUNDI,2023,35,77.0,0.0
BURUNDI,2023,36,77.0,0.0
BURUNDI,2023,37,93.0,0.0
BURUNDI,2023,38,100.0,0.0
BURUNDI,2023,39,67.0,0.0
BURUNDI,2023,40,65.0,0.0
BURUNDI,2023,41,48.0,0.0
BURUNDI,2023,42,23.0,0.0
BURUNDI,2023,43,28.0,0.0
BURUNDI,2023,44,23.0,0.0
BURUNDI,2023,45,28.0,0.0
BURUNDI,2023,46,18.0,0.0
BURUNDI,2023,47,10.0,0.0
BURUNDI,2023,48,17.0,0.0
BURUNDI,2023,49,12.0,0.0
BURUNDI,2023,50,5.0,0.0
BURUNDI,2023,51,2.0,0.0
BURUNDI,2023,52,10.0,0.0
CAMEROON,2023,1,16.0,0.0
CAMEROON,2024,1,12.0,0.0
CAMEROON,2023,2,14.0,0.0
CAMEROON,2024,2,3.0,0.0
CAMEROON,2023,3,16.0,0.0
CAMEROON,2024,3,6.0,0.0
CAMEROON,2023,4,20.0,1.0
CAMEROON,2024,4,5.0,0.0
CAMEROON,2023,5,38.0,3.0
CAMEROON,2024,5,8.0,0.0
CAMEROON,2023,6,23.0,1.0
CAMEROON,2024,6,5.0,0.0
CAMEROON,2023,7,27.0,2.0
CAMEROON,2024,7,1.0,0.0
CAMEROON,2023,8,16.0,1.0
CAMEROON,2024,8,6.0,0.0
CAMEROON,2023,9,20.0,1.0
CAMEROON,2024,9,2.0,0.0
CAMEROON,2023,10,8.0,0.0
CAMEROON,2024,10,0.0,0.0
CAMEROON,2023,11,9.0,0.0
CAMEROON,2024,11,0.0,0.0
CAMEROON,2023,12,10.0,1.0
CAMEROON,2024,12,0.0,0.0
CAMEROON,2023,13,33.0,2.0
CAMEROON,2024,13,0.0,0.0
CAMEROON,2023,14,78.0,3.0
CAMEROON,2024,14,0.0,0.0
CAMEROON,2023,15,67.0,1.0
CAMEROON,2024,15,0.0,0.0
CAMEROON,2023,16,261.0,14.0
CAMEROON,2024,16,0.0,0.0
CAMEROON,2023,17,483.0,21.0
CAMEROON,2024,17,1.0,0.0
CAMEROON,2023,18,413.0,23.0
CAMEROON,2024,18,0.0,0.0
CAMEROON,2023,19,536.0,19.0
CAMEROON,2024,19,0.0,0.0
CAMEROON,2023,20,574.0,19.0
CAMEROON,2024,20,0.0,0.0
CAMEROON,2023,21,452.0,13.0
CAMEROON,2024,21,0.0,0.0
CAMEROON,2023,22,492.0,12.0
CAMEROON,2024,22,0.0,0.0
CAMEROON,2023,23,357.0,11.0
CAMEROON,2024,23,0.0,0.0
CAMEROON,2023,24,300.0,8.0
CAMEROON,2023,25,147.0,4.0
CAMEROON,2023,26,97.0,1.0
CAMEROON,2023,27,68.0,3.0
CAMEROON,2023,28,60.0,0.0
CAMEROON,2023,29,72.0,4.0
CAMEROON,2023,30,122.0,5.0
CAMEROON,2023,31,116.0,3.0
CAMEROON,2023,32,93.0,0.0
CAMEROON,2023,33,75.0,4.0
CAMEROON,2023,34,237.0,2.0
CAMEROON,2023,35,149.0,0.0
CAMEROON,2023,36,134.0,3.0
CAMEROON,2023,37,160.0,1.0
CAMEROON,2023,38,149.0,4.0
CAMEROON,2023,39,110.0,3.0
CAMEROON,2023,40,67.0,0.0
CAMEROON,2023,41,75.0,0.0
CAMEROON,2023,42,65.0,6.0
CAMEROON,2023,43,41.0,1.0
CAMEROON,2023,44,39.0,2.0
CAMEROON,2023,45,30.0,5.0
CAMEROON,2023,46,18.0,1.0
CAMEROON,2023,47,16.0,1.0
CAMEROON,2023,48,20.0,0.0
CAMEROON,2023,49,7.0,0.0
CAMEROON,2023,50,0.0,0.0
CAMEROON,2023,51,0.0,0.0
CAMEROON,2023,52,47.0,0.0
COMOROS,2024,6,16.0,2.0
COMOROS,2024,7,74.0,4.0
COMOROS,2024,8,29.0,0.0
COMOROS,2024,9,23.0,0.0
COMOROS,2024,10,43.0,1.0
COMOROS,2024,11,134.0,5.0
COMOROS,2024,12,161.0,2.0
COMOROS,2024,13,198.0,3.0
COMOROS,2024,14,195.0,5.0
COMOROS,2024,15,611.0,16.0
COMOROS,2024,16,835.0,17.0
COMOROS,2024,17,925.0,12.0
COMOROS,2024,18,1322.0,25.0
COMOROS,2024,19,1111.0,21.0
COMOROS,2024,20,951.0,2.0
COMOROS,2024,21,707.0,6.0
COMOROS,2024,22,265.0,3.0
COMOROS,2024,23,1357.0,10.0
COMOROS,2024,24,0.0,0.0
COMOROS,2024,25,914.0,12.0
COMOROS,2024,26,271.0,1.0
COMOROS,2024,27,0.0,0.0
COMOROS,2024,28,146.0,2.0
COMOROS,2024,29,4.0,0.0
COMOROS,2024,30,50.0,0.0
COMOROS,2024,31,0.0,0.0
COMOROS,2024,32,0.0,0.0
DEMOCRATIC REPUBLIC OF THE CONGO,2024,1,724.0,7.0
DEMOCRATIC REPUBLIC OF THE CONGO,2023,2,1355.0,6.0
DEMOCRATIC REPUBLIC OF THE CONGO,2024,2,858.0,17.0
DEMOCRATIC REPUBLIC OF THE CONGO,2023,3,759.0,3.0
DEMOCRATIC REPUBLIC OF THE CONGO,2024,3,934.0,18.0
DEMOCRATIC REPUBLIC OF THE CONGO,2023,4,764.0,3.0
DEMOCRATIC REPUBLIC OF THE CONGO,2024,4,784.0,20.0
DEMOCRATIC REPUBLIC OF THE CONGO,2023,5,607.0,1.0
DEMOCRATIC REPUBLIC OF THE CONGO,2024,5,877.0,17.0
DEMOCRATIC REPUBLIC OF THE CONGO,2023,6,508.0,6.0
DEMOCRATIC REPUBLIC OF THE CONGO,2024,6,1099.0,47.0
DEMOCRATIC REPUBLIC OF THE CONGO,2023,7,508.0,11.0
DEMOCRATIC REPUBLIC OF THE CONGO,2024,7,1072.0,15.0
DEMOCRATIC REPUBLIC OF THE CONGO,2023,8,635.0,3.0
DEMOCRATIC REPUBLIC OF THE CONGO,2024,8,971.0,17.0
DEMOCRATIC REPUBLIC OF THE CONGO,2023,9,581.0,7.0
DEMOCRATIC REPUBLIC OF THE CONGO,2024,9,1049.0,9.0
DEMOCRATIC REPUBLIC OF THE CONGO,2023,10,650.0,4.0
DEMOCRATIC REPUBLIC OF THE CONGO,2024,10,904.0,4.0
DEMOCRATIC REPUBLIC OF THE CONGO,2023,11,1351.0,9.0
DEMOCRATIC REPUBLIC OF THE CONGO,2024,11,756.0,10.0
DEMOCRATIC REPUBLIC OF THE CONGO,2023,12,2061.0,9.0
DEMOCRATIC REPUBLIC OF THE CONGO,2024,12,879.0,9.0
DEMOCRATIC REPUBLIC OF THE CONGO,2023,13,1916.0,4.0
DEMOCRATIC REPUBLIC OF THE CONGO,2024,13,873.0,8.0
DEMOCRATIC REPUBLIC OF THE CONGO,2023,14,1491.0,4.0
DEMOCRATIC REPUBLIC OF THE CONGO,2024,14,822.0,7.0
DEMOCRATIC REPUBLIC OF THE CONGO,2023,15,1229.0,4.0
DEMOCRATIC REPUBLIC OF THE CONGO,2024,15,722.0,9.0
DEMOCRATIC REPUBLIC OF THE CONGO,2023,16,1179.0,10.0
DEMOCRATIC REPUBLIC OF THE CONGO,2024,16,844.0,15.0
DEMOCRATIC REPUBLIC OF THE CONGO,2023,17,1194.0,17.0
DEMOCRATIC REPUBLIC OF THE CONGO,2024,17,877.0,9.0
DEMOCRATIC REPUBLIC OF THE CONGO,2023,18,1034.0,6.0
DEMOCRATIC REPUBLIC OF THE CONGO,2024,18,415.0,9.0
DEMOCRATIC REPUBLIC OF THE CONGO,2023,19,961.0,6.0
DEMOCRATIC REPUBLIC OF THE CONGO,2024,19,515.0,6.0
DEMOCRATIC REPUBLIC OF THE CONGO,2023,20,993.0,2.0
DEMOCRATIC REPUBLIC OF THE CONGO,2024,20,532.0,5.0
DEMOCRATIC REPUBLIC OF THE CONGO,2023,21,1094.0,3.0
DEMOCRATIC REPUBLIC OF THE CONGO,2024,21,647.0,4.0
DEMOCRATIC REPUBLIC OF THE CONGO,2023,22,1131.0,17.0
DEMOCRATIC REPUBLIC OF THE CONGO,2024,22,852.0,3.0
DEMOCRATIC REPUBLIC OF THE CONGO,2023,23,1123.0,15.0
DEMOCRATIC REPUBLIC OF THE CONGO,2024,23,594.0,5.0
DEMOCRATIC REPUBLIC OF THE CONGO,2023,24,939.0,9.0
DEMOCRATIC REPUBLIC OF THE CONGO,2024,24,694.0,1.0
DEMOCRATIC REPUBLIC OF THE CONGO,2023,25,909.0,14.0
DEMOCRATIC REPUBLIC OF THE CONGO,2024,25,471.0,2.0
DEMOCRATIC REPUBLIC OF THE CONGO,2023,26,947.0,8.0
DEMOCRATIC REPUBLIC OF THE CONGO,2024,26,377.0,0.0
DEMOCRATIC REPUBLIC OF THE CONGO,2023,27,1372.0,18.0
DEMOCRATIC REPUBLIC OF THE CONGO,2024,27,300.0,4.0
DEMOCRATIC REPUBLIC OF THE CONGO,2023,28,1007.0,8.0
DEMOCRATIC REPUBLIC OF THE CONGO,2024,28,443.0,0.0
DEMOCRATIC REPUBLIC OF THE CONGO,2023,29,894.0,5.0
DEMOCRATIC REPUBLIC OF THE CONGO,2024,29,171.0,3.0
DEMOCRATIC REPUBLIC OF THE CONGO,2023,30,881.0,5.0
DEMOCRATIC REPUBLIC OF THE CONGO,2024,30,330.0,1.0
DEMOCRATIC REPUBLIC OF THE CONGO,2023,31,1069.0,15.0
DEMOCRATIC REPUBLIC OF THE CONGO,2024,31,302.0,0.0
DEMOCRATIC REPUBLIC OF THE CONGO,2023,32,1005.0,6.0
DEMOCRATIC REPUBLIC OF THE CONGO,2023,33,800.0,5.0
DEMOCRATIC REPUBLIC OF THE CONGO,2023,34,918.0,10.0
DEMOCRATIC REPUBLIC OF THE CONGO,2023,35,1063.0,6.0
DEMOCRATIC REPUBLIC OF THE CONGO,2023,36,987.0,19.0
DEMOCRATIC REPUBLIC OF THE CONGO,2023,37,746.0,0.0
DEMOCRATIC REPUBLIC OF THE CONGO,2023,38,919.0,12.0
DEMOCRATIC REPUBLIC OF THE CONGO,2023,39,783.0,10.0
DEMOCRATIC REPUBLIC OF THE CONGO,2023,40,780.0,6.0
DEMOCRATIC REPUBLIC OF THE CONGO,2023,41,1106.0,11.0
DEMOCRATIC REPUBLIC OF THE CONGO,2023,42,733.0,6.0
DEMOCRATIC REPUBLIC OF THE CONGO,2023,43,728.0,2.0
DEMOCRATIC REPUBLIC OF THE CONGO,2023,44,818.0,5.0
DEMOCRATIC REPUBLIC OF THE CONGO,2023,45,875.0,17.0
DEMOCRATIC REPUBLIC OF THE CONGO,2023,46,819.0,21.0
DEMOCRATIC REPUBLIC OF THE CONGO,2023,47,901.0,14.0
DEMOCRATIC REPUBLIC OF THE CONGO,2023,48,1176.0,31.0
DEMOCRATIC REPUBLIC OF THE CONGO,2023,49,1184.0,4.0
DEMOCRATIC REPUBLIC OF THE CONGO,2023,50,1396.0,5.0
DEMOCRATIC REPUBLIC OF THE CONGO,2023,51,1378.0,5.0
DEMOCRATIC REPUBLIC OF THE CONGO,2023,52,989.0,3.0
ETHIOPIA,2023,1,35.0,0.0
ETHIOPIA,2024,1,420.0,0.0
ETHIOPIA,2023,2,58.0,0.0
ETHIOPIA,2024,2,248.0,0.0
ETHIOPIA,2023,3,74.0,0.0
ETHIOPIA,2024,3,392.0,14.0
ETHIOPIA,2023,4,56.0,0.0
ETHIOPIA,2024,4,801.0,2.0
ETHIOPIA,2023,5,56.0,0.0
ETHIOPIA,2024,5,825.0,4.0
ETHIOPIA,2023,6,123.0,0.0
ETHIOPIA,2024,6,951.0,12.0
ETHIOPIA,2023,7,126.0,1.0
ETHIOPIA,2024,7,872.0,8.0
ETHIOPIA,2023,8,150.0,0.0
ETHIOPIA,2024,8,696.0,3.0
ETHIOPIA,2023,9,160.0,0.0
ETHIOPIA,2024,9,701.0,5.0
ETHIOPIA,2023,10,151.0,3.0
ETHIOPIA,2024,10,671.0,5.0
ETHIOPIA,2023,11,379.0,0.0
ETHIOPIA,2024,11,1006.0,1.0
ETHIOPIA,2023,12,326.0,7.0
ETHIOPIA,2024,12,1326.0,2.0
ETHIOPIA,2023,13,542.0,1.0
ETHIOPIA,2024,13,1240.0,16.0
ETHIOPIA,2023,14,616.0,5.0
ETHIOPIA,2024,14,970.0,0.0
ETHIOPIA,2023,15,688.0,7.0
ETHIOPIA,2024,15,1169.0,3.0
ETHIOPIA,2023,16,937.0,6.0
ETHIOPIA,2024,16,0.0,0.0
ETHIOPIA,2023,17,751.0,4.0
ETHIOPIA,2024,17,2155.0,24.0
ETHIOPIA,2023,18,553.0,8.0
ETHIOPIA,2024,18,805.0,3.0
ETHIOPIA,2023,19,653.0,4.0
ETHIOPIA,2024,19,429.0,23.0
ETHIOPIA,2023,20,879.0,13.0
ETHIOPIA,2024,20,490.0,3.0
ETHIOPIA,2023,21,1018.0,8.0
ETHIOPIA,2024,21,1347.0,
ETHIOPIA,2023,22,1007.0,10.0
ETHIOPIA,2024,22,0.0,0.0
ETHIOPIA,2023,23,975.0,12.0
ETHIOPIA,2024,23,572.0,6.0
ETHIOPIA,2023,24,725.0,9.0
ETHIOPIA,2024,24,504.0,1.0
ETHIOPIA,2023,25,554.0,13.0
ETHIOPIA,2024,25,578.0,5.0
ETHIOPIA,2023,26,445.0,15.0
ETHIOPIA,2024,26,0.0,0.0
ETHIOPIA,2023,27,513.0,1.0
ETHIOPIA,2024,27,807.0,5.0
ETHIOPIA,2023,28,1836.0,11.0
ETHIOPIA,2024,28,226.0,12.0
ETHIOPIA,2023,29,1200.0,4.0
ETHIOPIA,2024,29,1053.0,26.0
ETHIOPIA,2023,30,542.0,1.0
ETHIOPIA,2024,30,0.0,0.0
ETHIOPIA,2023,31,783.0,2.0
ETHIOPIA,2024,31,863.0,13.0
ETHIOPIA,2023,32,990.0,17.0
ETHIOPIA,2024,32,772.0,10.0
ETHIOPIA,2023,33,838.0,40.0
ETHIOPIA,2023,34,857.0,0.0
ETHIOPIA,2023,35,830.0,7.0
ETHIOPIA,2023,36,896.0,0.0
ETHIOPIA,2023,37,1095.0,16.0
ETHIOPIA,2023,38,856.0,19.0
ETHIOPIA,2023,39,604.0,46.0
ETHIOPIA,2023,40,593.0,0.0
ETHIOPIA,2023,41,454.0,0.0
ETHIOPIA,2023,42,508.0,10.0
ETHIOPIA,2023,43,407.0,0.0
ETHIOPIA,2023,44,750.0,14.0
ETHIOPIA,2023,45,416.0,10.0
ETHIOPIA,2023,46,458.0,11.0
ETHIOPIA,2023,47,723.0,12.0
ETHIOPIA,2023,48,393.0,7.0
ETHIOPIA,2023,49,352.0,3.0
ETHIOPIA,2023,50,564.0,21.0
ETHIOPIA,2023,51,367.0,23.0
ETHIOPIA,2023,52,,44.0
HAITI,2023,1,2702.0,87.0
HAITI,2024,1,486.0,5.0
HAITI,2023,2,254.0,4.0
HAITI,2024,2,1961.0,8.0
HAITI,2023,3,1175.0,28.0
HAITI,2023,4,1984.0,15.0
HAITI,2024,4,225.0,0.0
HAITI,2023,5,1538.0,49.0
HAITI,2023,6,1868.0,0.0
HAITI,2024,6,0.0,0.0
HAITI,2023,7,1644.0,34.0
HAITI,2023,8,1353.0,0.0
HAITI,2023,9,823.0,0.0
HAITI,2023,10,1444.0,0.0
HAITI,2023,11,1314.0,37.0
HAITI,2023,12,350.0,9.0
HAITI,2023,13,877.0,4.0
HAITI,2023,14,440.0,6.0
HAITI,2023,15,0.0,0.0
HAITI,2023,16,0.0,0.0
HAITI,2023,17,0.0,0.0
HAITI,2023,18,2464.0,22.0
HAITI,2023,19,0.0,0.0
HAITI,2023,20,2395.0,31.0
HAITI,2023,21,0.0,0.0
HAITI,2023,22,1731.0,14.0
HAITI,2023,23,572.0,9.0
HAITI,2023,24,1702.0,19.0
HAITI,2023,25,3449.0,20.0
HAITI,2023,26,0.0,0.0
HAITI,2023,27,1622.0,3.0
HAITI,2023,28,1189.0,11.0
HAITI,2023,29,1537.0,14.0
HAITI,2023,30,1833.0,21.0
HAITI,2023,31,0.0,0.0
HAITI,2023,32,1650.0,9.0
HAITI,2023,33,1049.0,3.0
HAITI,2023,34,0.0,0.0
HAITI,2023,36,2491.0,29.0
HAITI,2023,38,1293.0,24.0
HAITI,2023,39,540.0,27.0
HAITI,2023,40,1985.0,25.0
HAITI,2023,42,1355.0,70.0
HAITI,2023,44,2188.0,52.0
HAITI,2023,45,2139.0,13.0
HAITI,2023,47,1368.0,34.0
HAITI,2023,50,3672.0,54.0
HAITI,2023,51,365.0,2.0
INDIA,2024,1,99.0,1.0
INDIA,2024,2,41.0,0.0
INDIA,2024,3,0.0,0.0
INDIA,2023,4,6.0,0.0
INDIA,2024,4,0.0,0.0
INDIA,2023,5,0.0,0.0
INDIA,2024,5,129.0,0.0
INDIA,2023,6,0.0,0.0
INDIA,2024,6,0.0,0.0
INDIA,2023,7,0.0,0.0
INDIA,2024,7,0.0,0.0
INDIA,2023,8,0.0,0.0
INDIA,2024,8,20.0,0.0
INDIA,2023,9,52.0,0.0
INDIA,2024,9,216.0,0.0
INDIA,2023,10,0.0,0.0
INDIA,2024,10,72.0,0.0
INDIA,2023,11,0.0,0.0
INDIA,2024,11,355.0,1.0
INDIA,2023,12,0.0,0.0
INDIA,2024,12,162.0,0.0
INDIA,2023,13,0.0,0.0
INDIA,2024,13,88.0,0.0
INDIA,2023,14,10.0,0.0
INDIA,2024,14,50.0,1.0
INDIA,2023,15,0.0,0.0
INDIA,2024,15,47.0,1.0
INDIA,2023,16,0.0,0.0
INDIA,2024,16,41.0,0.0
INDIA,2023,17,0.0,0.0
INDIA,2024,17,449.0,0.0
INDIA,2023,18,0.0,0.0
INDIA,2024,18,170.0,2.0
INDIA,2023,19,0.0,0.0
INDIA,2024,19,62.0,0.0
INDIA,2023,20,71.0,0.0
INDIA,2024,20,225.0,0.0
INDIA,2023,21,61.0,0.0
INDIA,2024,21,1091.0,2.0
INDIA,2023,22,133.0,0.0
INDIA,2024,22,488.0,0.0
INDIA,2023,23,198.0,0.0
INDIA,2024,23,400.0,3.0
INDIA,2023,24,150.0,0.0
INDIA,2024,24,867.0,3.0
INDIA,2023,25,289.0,1.0
INDIA,2023,26,0.0,0.0
INDIA,2023,27,103.0,0.0
INDIA,2023,28,228.0,0.0
INDIA,2023,29,67.0,0.0
INDIA,2023,30,0.0,0.0
INDIA,2023,31,307.0,0.0
INDIA,2023,32,78.0,0.0
INDIA,2023,33,16.0,0.0
INDIA,2023,34,40.0,0.0
INDIA,2023,35,0.0,0.0
INDIA,2023,36,43.0,1.0
INDIA,2023,37,14.0,0.0
INDIA,2023,38,95.0,0.0
INDIA,2023,39,68.0,1.0
INDIA,2023,40,0.0,0.0
INDIA,2023,41,15.0,0.0
INDIA,2023,42,0.0,0.0
INDIA,2023,43,0.0,0.0
INDIA,2023,44,0.0,0.0
INDIA,2023,45,0.0,0.0
INDIA,2023,46,0.0,0.0
INDIA,2023,47,0.0,0.0
INDIA,2023,48,0.0,0.0
INDIA,2023,49,4.0,0.0
INDIA,2023,50,3021.0,10.0
INDIA,2023,51,367.0,1.0
INDIA,2023,52,0.0,0.0
KENYA,2023,1,0.0,0.0
KENYA,2024,1,0.0,0.0
KENYA,2023,2,0.0,0.0
KENYA,2024,2,0.0,0.0
KENYA,2023,3,880.0,18.0
KENYA,2024,3,199.0,1.0
KENYA,2023,4,109.0,4.0
KENYA,2024,4,0.0,0.0
KENYA,2023,5,232.0,1.0
KENYA,2024,5,0.0,0.0
KENYA,2023,6,109.0,0.0
KENYA,2024,6,0.0,0.0
KENYA,2023,7,185.0,2.0
KENYA,2024,7,0.0,0.0
KENYA,2023,8,558.0,4.0
KENYA,2024,8,89.0,0.0
KENYA,2023,9,1012.0,10.0
KENYA,2024,9,0.0,0.0
KENYA,2023,10,536.0,10.0
KENYA,2024,10,0.0,0.0
KENYA,2023,11,383.0,5.0
KENYA,2024,11,0.0,0.0
KENYA,2023,12,388.0,8.0
KENYA,2024,12,0.0,0.0
KENYA,2023,13,504.0,10.0
KENYA,2024,13,0.0,0.0
KENYA,2023,14,382.0,5.0
KENYA,2024,14,25.0,1.0
KENYA,2023,15,376.0,5.0
KENYA,2024,15,0.0,0.0
KENYA,2023,16,0.0,0.0
KENYA,2024,16,0.0,0.0
KENYA,2023,17,878.0,15.0
KENYA,2024,17,0.0,0.0
KENYA,2023,18,310.0,5.0
KENYA,2024,18,0.0,0.0
KENYA,2023,19,149.0,2.0
KENYA,2024,19,0.0,0.0
KENYA,2023,20,109.0,3.0
KENYA,2024,20,59.0,1.0
KENYA,2023,21,437.0,10.0
KENYA,2024,21,8.0,0.0
KENYA,2023,22,239.0,5.0
KENYA,2024,22,0.0,0.0
KENYA,2023,23,144.0,0.0
KENYA,2024,23,12.0,0.0
KENYA,2023,24,262.0,4.0
KENYA,2024,24,0.0,0.0
KENYA,2023,25,126.0,2.0
KENYA,2024,25,0.0,0.0
KENYA,2023,26,80.0,4.0
KENYA,2024,26,0.0,0.0
KENYA,2023,27,102.0,2.0
KENYA,2024,27,0.0,0.0
KENYA,2023,28,46.0,0.0
KENYA,2024,28,40.0,1.0
KENYA,2023,29,30.0,0.0
KENYA,2023,30,19.0,0.0
KENYA,2023,31,6.0,0.0
KENYA,2023,32,82.0,3.0
KENYA,2023,33,46.0,0.0
KENYA,2023,34,0.0,0.0
KENYA,2023,35,54.0,4.0
KENYA,2023,36,23.0,1.0
KENYA,2023,37,0.0,0.0
KENYA,2023,38,0.0,0.0
KENYA,2023,39,15.0,0.0
KENYA,2023,40,0.0,0.0
KENYA,2023,41,3.0,0.0
KENYA,2023,42,0.0,0.0
KENYA,2023,43,2.0,0.0
KENYA,2023,44,1.0,0.0
KENYA,2023,45,0.0,0.0
KENYA,2023,46,0.0,0.0
KENYA,2023,47,49.0,1.0
KENYA,2023,48,0.0,0.0
KENYA,2023,49,60.0,2.0
KENYA,2023,50,0.0,0.0
KENYA,2023,51,0.0,0.0
KENYA,2023,52,0.0,0.0
MALAWI,2023,1,3679.0,124.0
MALAWI,2024,1,1.0,0.0
MALAWI,2023,2,4212.0,134.0
MALAWI,2024,2,0.0,0.0
MALAWI,2023,3,2336.0,66.0
MALAWI,2024,3,1.0,0.0
MALAWI,2023,4,5476.0,177.0
MALAWI,2024,4,2.0,0.0
MALAWI,2023,5,3871.0,133.0
MALAWI,2024,5,28.0,0.0
MALAWI,2023,6,5478.0,174.0
MALAWI,2024,6,0.0,0.0
MALAWI,2023,7,2827.0,68.0
MALAWI,2024,7,110.0,3.0
MALAWI,2023,8,2601.0,79.0
MALAWI,2024,8,18.0,0.0
MALAWI,2023,9,2902.0,58.0
MALAWI,2024,9,6.0,0.0
MALAWI,2023,10,1939.0,29.0
MALAWI,2024,10,11.0,0.0
MALAWI,2023,11,1451.0,48.0
MALAWI,2024,11,0.0,0.0
MALAWI,2023,12,963.0,22.0
MALAWI,2024,12,11.0,0.0
MALAWI,2023,13,912.0,15.0
MALAWI,2024,13,17.0,0.0
MALAWI,2023,14,689.0,10.0
MALAWI,2024,14,11.0,0.0
MALAWI,2023,15,415.0,7.0
MALAWI,2024,15,8.0,0.0
MALAWI,2023,16,515.0,7.0
MALAWI,2024,16,11.0,
MALAWI,2023,17,229.0,11.0
MALAWI,2024,17,2.0,0.0
MALAWI,2023,18,157.0,2.0
MALAWI,2024,18,0.0,0.0
MALAWI,2023,19,116.0,2.0
MALAWI,2024,19,1.0,0.0
MALAWI,2023,20,83.0,2.0
MALAWI,2024,20,2.0,0.0
MALAWI,2023,21,48.0,1.0
MALAWI,2024,21,6.0,0.0
MALAWI,2023,22,17.0,0.0
MALAWI,2024,22,2.0,0.0
MALAWI,2023,23,0.0,0.0
MALAWI,2024,23,4.0,0.0
MALAWI,2023,24,0.0,0.0
MALAWI,2024,24,0.0,0.0
MALAWI,2023,25,51.0,0.0
MALAWI,2024,25,0.0,0.0
MALAWI,2023,26,32.0,1.0
MALAWI,2024,26,0.0,0.0
MALAWI,2023,27,15.0,1.0
MALAWI,2024,27,0.0,0.0
MALAWI,2023,28,19.0,3.0
MALAWI,2024,28,0.0,0.0
MALAWI,2023,29,3.0,0.0
MALAWI,2024,29,0.0,0.0
MALAWI,2023,30,17.0,1.0
MALAWI,2024,30,0.0,0.0
MALAWI,2023,31,16.0,1.0
MALAWI,2024,31,0.0,0.0
MALAWI,2023,32,7.0,0.0
MALAWI,2024,32,0.0,0.0
MALAWI,2023,33,1.0,0.0
MALAWI,2024,33,0.0,0.0
MALAWI,2023,34,3.0,0.0
MALAWI,2023,35,10.0,0.0
MALAWI,2023,36,0.0,0.0
MALAWI,2023,37,1.0,0.0
MALAWI,2023,38,2.0,0.0
MALAWI,2023,39,8.0,0.0
MALAWI,2023,40,7.0,0.0
MALAWI,2023,41,6.0,0.0
MALAWI,2023,42,20.0,0.0
MALAWI,2023,43,21.0,1.0
MALAWI,2023,44,17.0,0.0
MALAWI,2023,45,7.0,0.0
MALAWI,2023,46,4.0,0.0
MALAWI,2023,47,8.0,1.0
MALAWI,2023,48,0.0,0.0
MALAWI,2023,49,4.0,0.0
MALAWI,2023,50,0.0,0.0
MALAWI,2023,51,19.0,1.0
MALAWI,2023,52,5.0,0.0
MAYOTTE,2024,17,26.0,0.0
MAYOTTE,2024,18,0.0,0.0
MAYOTTE,2024,19,52.0,1.0
MAYOTTE,2024,20,16.0,0.0
MAYOTTE,2024,21,11.0,0.0
MAYOTTE,2024,22,20.0,1.0
MAYOTTE,2024,23,23.0,0.0
MAYOTTE,2024,24,18.0,0.0
MAYOTTE,2024,25,27.0,0.0
MAYOTTE,2024,26,17.0,0.0
MAYOTTE,2024,27,4.0,0.0
MAYOTTE,2024,28,0.0,0.0
MAYOTTE,2024,29,5.0,0.0
MAYOTTE,2024,30,1.0,0.0
MAYOTTE,2024,31,1.0,0.0
MOZAMBIQUE,2023,1,392.0,5.0
MOZAMBIQUE,2024,1,608.0,4.0
MOZAMBIQUE,2023,2,536.0,4.0
MOZAMBIQUE,2024,2,650.0,1.0
MOZAMBIQUE,2023,3,713.0,2.0
MOZAMBIQUE,2024,3,544.0,0.0
MOZAMBIQUE,2023,4,670.0,5.0
MOZAMBIQUE,2024,4,391.0,0.0
MOZAMBIQUE,2023,5,753.0,4.0
MOZAMBIQUE,2024,5,436.0,1.0
MOZAMBIQUE,2023,6,797.0,5.0
MOZAMBIQUE,2024,6,365.0,0.0
MOZAMBIQUE,2023,7,853.0,6.0
MOZAMBIQUE,2024,7,583.0,1.0
MOZAMBIQUE,2023,8,821.0,0.0
MOZAMBIQUE,2024,8,439.0,0.0
MOZAMBIQUE,2023,9,972.0,4.0
MOZAMBIQUE,2024,9,547.0,1.0
MOZAMBIQUE,2023,10,1211.0,13.0
MOZAMBIQUE,2024,10,523.0,2.0
MOZAMBIQUE,2023,11,2651.0,22.0
MOZAMBIQUE,2024,11,630.0,1.0
MOZAMBIQUE,2023,12,6288.0,11.0
MOZAMBIQUE,2024,12,352.0,0.0
MOZAMBIQUE,2023,13,6038.0,12.0
MOZAMBIQUE,2024,13,278.0,1.0
MOZAMBIQUE,2023,14,1832.0,23.0
MOZAMBIQUE,2024,14,334.0,0.0
MOZAMBIQUE,2023,15,1500.0,6.0
MOZAMBIQUE,2024,15,281.0,0.0
MOZAMBIQUE,2023,16,1300.0,4.0
MOZAMBIQUE,2024,16,179.0,0.0
MOZAMBIQUE,2023,17,1047.0,4.0
MOZAMBIQUE,2024,17,160.0,1.0
MOZAMBIQUE,2023,18,984.0,0.0
MOZAMBIQUE,2024,18,119.0,0.0
MOZAMBIQUE,2023,19,594.0,0.0
MOZAMBIQUE,2024,19,133.0,3.0
MOZAMBIQUE,2023,20,478.0,0.0
MOZAMBIQUE,2024,20,118.0,0.0
MOZAMBIQUE,2023,21,484.0,6.0
MOZAMBIQUE,2024,21,92.0,0.0
MOZAMBIQUE,2023,22,486.0,1.0
MOZAMBIQUE,2024,22,108.0,1.0
MOZAMBIQUE,2023,23,451.0,1.0
MOZAMBIQUE,2024,23,102.0,1.0
MOZAMBIQUE,2023,24,484.0,0.0
MOZAMBIQUE,2024,24,51.0,0.0
MOZAMBIQUE,2023,25,223.0,0.0
MOZAMBIQUE,2024,25,34.0,0.0
MOZAMBIQUE,2023,26,160.0,0.0
MOZAMBIQUE,2024,26,22.0,0.0
MOZAMBIQUE,2023,27,109.0,0.0
MOZAMBIQUE,2024,27,18.0,0.0
MOZAMBIQUE,2023,28,103.0,0.0
MOZAMBIQUE,2024,28,10.0,0.0
MOZAMBIQUE,2023,29,99.0,0.0
MOZAMBIQUE,2024,29,25.0,0.0
MOZAMBIQUE,2023,30,91.0,0.0
MOZAMBIQUE,2024,30,0.0,0.0
MOZAMBIQUE,2023,31,126.0,0.0
MOZAMBIQUE,2024,31,0.0,0.0
MOZAMBIQUE,2023,32,160.0,0.0
MOZAMBIQUE,2024,32,0.0,0.0
MOZAMBIQUE,2023,33,126.0,0.0
MOZAMBIQUE,2024,33,0.0,0.0
MOZAMBIQUE,2023,34,152.0,0.0
MOZAMBIQUE,2023,35,175.0,0.0
MOZAMBIQUE,2023,36,111.0,0.0
MOZAMBIQUE,2023,37,101.0,0.0
MOZAMBIQUE,2023,38,127.0,0.0
MOZAMBIQUE,2023,39,81.0,0.0
MOZAMBIQUE,2023,40,140.0,1.0
MOZAMBIQUE,2023,41,152.0,2.0
MOZAMBIQUE,2023,42,147.0,1.0
MOZAMBIQUE,2023,43,396.0,3.0
MOZAMBIQUE,2023,44,338.0,0.0
MOZAMBIQUE,2023,45,505.0,0.0
MOZAMBIQUE,2023,46,384.0,0.0
MOZAMBIQUE,2023,47,595.0,1.0
MOZAMBIQUE,2023,48,549.0,2.0
MOZAMBIQUE,2023,49,421.0,0.0
MOZAMBIQUE,2023,50,521.0,2.0
MOZAMBIQUE,2023,51,741.0,6.0
MOZAMBIQUE,2023,52,740.0,0.0
MYANMAR,2024,27,521.0,0.0
MYANMAR,2024,28,0.0,0.0
MYANMAR,2024,29,620.0,1.0
NEPAL,2024,30,20.0,0.0
NEPAL,2024,31,0.0,0.0
NEPAL,2024,32,10.0,0.0
NEPAL,2024,33,20.0,0.0
NEPAL,2024,34,8.0,0.0
NIGERIA,2023,1,72.0,1.0
NIGERIA,2024,1,0.0,0.0
NIGERIA,2023,2,85.0,6.0
NIGERIA,2024,2,0.0,0.0
NIGERIA,2023,3,224.0,12.0
NIGERIA,2024,3,0.0,0.0
NIGERIA,2023,4,229.0,7.0
NIGERIA,2024,4,301.0,3.0
NIGERIA,2023,5,191.0,10.0
NIGERIA,2024,5,0.0,0.0
NIGERIA,2023,6,249.0,9.0
NIGERIA,2024,6,0.0,0.0
NIGERIA,2023,7,156.0,6.0
NIGERIA,2024,7,0.0,0.0
NIGERIA,2023,8,180.0,8.0
NIGERIA,2024,8,312.0,10.0
NIGERIA,2023,9,173.0,7.0
NIGERIA,2024,9,0.0,0.0
NIGERIA,2023,10,82.0,2.0
NIGERIA,2024,10,0.0,0.0
NIGERIA,2023,11,80.0,0.0
NIGERIA,2024,11,0.0,0.0
NIGERIA,2023,12,59.0,1.0
NIGERIA,2024,12,224.0,4.0
NIGERIA,2023,13,34.0,0.0
NIGERIA,2024,13,0.0,0.0
NIGERIA,2023,14,35.0,2.0
NIGERIA,2024,14,0.0,0.0
NIGERIA,2023,15,22.0,0.0
NIGERIA,2024,15,0.0,0.0
NIGERIA,2023,16,9.0,0.0
NIGERIA,2024,16,0.0,0.0
NIGERIA,2023,17,21.0,0.0
NIGERIA,2024,17,83.0,3.0
NIGERIA,2023,18,14.0,1.0
NIGERIA,2024,18,0.0,0.0
NIGERIA,2023,19,2.0,0.0
NIGERIA,2024,19,0.0,0.0
NIGERIA,2023,20,0.0,0.0
NIGERIA,2024,20,0.0,0.0
NIGERIA,2023,21,,
NIGERIA,2024,21,0.0,0.0
NIGERIA,2023,22,0.0,0.0
NIGERIA,2024,22,88.0,2.0
NIGERIA,2023,23,0.0,0.0
NIGERIA,2024,23,0.0,0.0
NIGERIA,2023,24,0.0,0.0
NIGERIA,2024,24,0.0,0.0
NIGERIA,2023,25,0.0,0.0
NIGERIA,2024,25,0.0,0.0
NIGERIA,2023,26,201.0,3.0
NIGERIA,2024,26,1094.0,41.0
NIGERIA,2023,27,0.0,0.0
NIGERIA,2024,27,892.0,19.0
NIGERIA,2023,28,0.0,0.0
NIGERIA,2024,28,0.0,0.0
NIGERIA,2023,29,0.0,0.0
NIGERIA,2024,29,629.0,21.0
NIGERIA,2023,30,257.0,2.0
NIGERIA,2024,30,1677.0,62.0
NIGERIA,2023,31,0.0,0.0
NIGERIA,2024,31,238.0,5.0
NIGERIA,2023,32,0.0,0.0
NIGERIA,2024,32,472.0,7.0
NIGERIA,2023,33,0.0,0.0
NIGERIA,2024,33,418.0,8.0
NIGERIA,2023,34,551.0,27.0
NIGERIA,2023,35,0.0,0.0
NIGERIA,2023,36,0.0,0.0
NIGERIA,2023,37,0.0,0.0
NIGERIA,2023,38,0.0,0.0
NIGERIA,2023,39,0.0,0.0
NIGERIA,2023,40,0.0,0.0
NIGERIA,2023,41,0.0,0.0
NIGERIA,2023,42,0.0,0.0
NIGERIA,2023,43,433.0,18.0
NIGERIA,2023,44,0.0,0.0
NIGERIA,2023,45,148.0,6.0
NIGERIA,2023,46,0.0,0.0
NIGERIA,2023,47,0.0,0.0
NIGERIA,2023,48,0.0,0.0
NIGERIA,2023,49,0.0,0.0
NIGERIA,2023,50,0.0,0.0
NIGERIA,2023,51,0.0,0.0
NIGERIA,2023,52,242.0,20.0
PAKISTAN,2024,1,477.0,0.0
PAKISTAN,2024,2,348.0,0.0
PAKISTAN,2024,3,274.0,0.0
PAKISTAN,2024,4,291.0,0.0
PAKISTAN,2024,5,280.0,0.0
PAKISTAN,2024,6,187.0,0.0
PAKISTAN,2024,7,383.0,0.0
PAKISTAN,2024,8,260.0,0.0
PAKISTAN,2024,9,186.0,0.0
PAKISTAN,2024,10,190.0,0.0
PAKISTAN,2024,11,306.0,0.0
PAKISTAN,2024,12,290.0,0.0
PAKISTAN,2024,13,332.0,0.0
PAKISTAN,2024,14,298.0,0.0
PAKISTAN,2024,15,178.0,0.0
PAKISTAN,2023,16,323.0,0.0
PAKISTAN,2024,16,442.0,0.0
PAKISTAN,2023,17,0.0,0.0
PAKISTAN,2024,17,521.0,0.0
PAKISTAN,2023,18,0.0,0.0
PAKISTAN,2024,18,2658.0,0.0
PAKISTAN,2023,19,0.0,0.0
PAKISTAN,2024,19,3318.0,0.0
PAKISTAN,2023,20,0.0,0.0
PAKISTAN,2024,20,3333.0,0.0
PAKISTAN,2023,21,0.0,0.0
PAKISTAN,2024,21,3766.0,0.0
PAKISTAN,2023,22,578.0,0.0
PAKISTAN,2024,22,2587.0,0.0
PAKISTAN,2023,23,629.0,0.0
PAKISTAN,2024,23,2909.0,0.0
PAKISTAN,2023,24,725.0,0.0
PAKISTAN,2024,24,2319.0,0.0
PAKISTAN,2023,25,698.0,0.0
PAKISTAN,2024,25,1693.0,0.0
PAKISTAN,2023,26,273.0,0.0
PAKISTAN,2024,26,2878.0,0.0
PAKISTAN,2023,27,631.0,0.0
PAKISTAN,2024,27,2716.0,0.0
PAKISTAN,2023,28,649.0,0.0
PAKISTAN,2024,28,3127.0,0.0
PAKISTAN,2023,29,527.0,0.0
PAKISTAN,2024,29,2089.0,0.0
PAKISTAN,2023,30,2802.0,0.0
PAKISTAN,2024,30,3181.0,0.0
PAKISTAN,2023,31,563.0,0.0
PAKISTAN,2024,31,2834.0,0.0
PAKISTAN,2023,32,453.0,0.0
PAKISTAN,2023,33,448.0,0.0
PAKISTAN,2023,34,813.0,0.0
PAKISTAN,2023,35,372.0,0.0
PAKISTAN,2023,36,405.0,0.0
PAKISTAN,2023,37,527.0,0.0
PAKISTAN,2023,38,521.0,0.0
PAKISTAN,2023,39,533.0,0.0
PAKISTAN,2023,40,674.0,0.0
PAKISTAN,2023,41,703.0,0.0
PAKISTAN,2023,42,658.0,0.0
PAKISTAN,2023,43,682.0,0.0
PAKISTAN,2023,44,743.0,0.0
PAKISTAN,2023,45,564.0,0.0
PAKISTAN,2023,46,0.0,0.0
PAKISTAN,2023,47,0.0,0.0
PAKISTAN,2023,48,0.0,0.0
PAKISTAN,2023,49,0.0,0.0
PAKISTAN,2023,50,0.0,0.0
PAKISTAN,2023,51,0.0,0.0
PAKISTAN,2023,52,456.0,0.0
SOMALIA,2023,1,234.0,1.0
SOMALIA,2024,1,494.0,3.0
SOMALIA,2023,2,238.0,1.0
SOMALIA,2024,2,481.0,9.0
SOMALIA,2023,3,218.0,
SOMALIA,2024,3,426.0,7.0
SOMALIA,2023,4,202.0,0.0
SOMALIA,2024,4,391.0,1.0
SOMALIA,2023,5,195.0,0.0
SOMALIA,2024,5,346.0,
SOMALIA,2023,6,194.0,0.0
SOMALIA,2024,6,429.0,4.0
SOMALIA,2023,7,223.0,0.0
SOMALIA,2024,7,407.0,3.0
SOMALIA,2023,8,341.0,3.0
SOMALIA,2024,8,401.0,11.0
SOMALIA,2023,9,327.0,1.0
SOMALIA,2024,9,428.0,10.0
SOMALIA,2023,10,401.0,2.0
SOMALIA,2024,10,622.0,7.0
SOMALIA,2023,11,407.0,3.0
SOMALIA,2024,11,659.0,6.0
SOMALIA,2023,12,448.0,4.0
SOMALIA,2024,12,947.0,6.0
SOMALIA,2023,13,604.0,1.0
SOMALIA,2024,13,836.0,8.0
SOMALIA,2023,14,630.0,0.0
SOMALIA,2024,14,743.0,7.0
SOMALIA,2023,15,867.0,2.0
SOMALIA,2024,15,934.0,13.0
SOMALIA,2023,16,776.0,2.0
SOMALIA,2024,16,769.0,7.0
SOMALIA,2023,17,618.0,2.0
SOMALIA,2024,17,704.0,1.0
SOMALIA,2023,18,519.0,3.0
SOMALIA,2024,18,630.0,0.0
SOMALIA,2023,19,531.0,2.0
SOMALIA,2024,19,746.0,4.0
SOMALIA,2023,20,535.0,0.0
SOMALIA,2024,20,934.0,8.0
SOMALIA,2023,21,479.0,1.0
SOMALIA,2024,21,752.0,6.0
SOMALIA,2023,22,404.0,1.0
SOMALIA,2024,22,735.0,2.0
SOMALIA,2023,23,377.0,0.0
SOMALIA,2024,23,575.0,1.0
SOMALIA,2023,24,311.0,1.0
SOMALIA,2024,24,520.0,4.0
SOMALIA,2023,25,367.0,0.0
SOMALIA,2024,25,470.0,2.0
SOMALIA,2023,26,240.0,1.0
SOMALIA,2024,26,377.0,3.0
SOMALIA,2023,27,247.0,0.0
SOMALIA,2024,27,475.0,2.0
SOMALIA,2023,28,227.0,0.0
SOMALIA,2024,28,338.0,0.0
SOMALIA,2023,29,309.0,0.0
SOMALIA,2024,29,358.0,2.0
SOMALIA,2023,30,235.0,0.0
SOMALIA,2024,30,319.0,1.0
SOMALIA,2023,31,224.0,0.0
SOMALIA,2024,31,331.0,1.0
SOMALIA,2023,32,214.0,0.0
SOMALIA,2024,32,313.0,0.0
SOMALIA,2023,33,232.0,0.0
SOMALIA,2024,33,328.0,0.0
SOMALIA,2023,34,218.0,0.0
SOMALIA,2023,35,310.0,1.0
SOMALIA,2023,36,167.0,2.0
SOMALIA,2023,37,174.0,0.0
SOMALIA,2023,38,186.0,0.0
SOMALIA,2023,39,223.0,2.0
SOMALIA,2023,40,231.0,2.0
SOMALIA,2023,41,308.0,1.0
SOMALIA,2023,42,216.0,0.0
SOMALIA,2023,43,219.0,1.0
SOMALIA,2023,44,279.0,1.0
SOMALIA,2023,45,266.0,2.0
SOMALIA,2023,46,383.0,1.0
SOMALIA,2023,47,482.0,0.0
SOMALIA,2023,48,478.0,0.0
SOMALIA,2023,49,475.0,0.0
SOMALIA,2023,50,439.0,0.0
SOMALIA,2023,51,377.0,0.0
SOMALIA,2023,52,499.0,3.0
SOUTH AFRICA,2024,1,0.0,0.0
SOUTH AFRICA,2024,2,0.0,0.0
SOUTH AFRICA,2024,3,0.0,0.0
SOUTH AFRICA,2024,4,0.0,0.0
SOUTH AFRICA,2024,5,5.0,0.0
SOUTH AFRICA,2024,6,0.0,0.0
SOUTH AFRICA,2024,7,0.0,0.0
SOUTH AFRICA,2024,8,1.0,0.0
SOUTH AFRICA,2024,9,0.0,0.0
SOUTH AFRICA,2024,10,0.0,0.0
SOUTH AFRICA,2024,11,0.0,0.0
SOUTH AFRICA,2024,12,0.0,0.0
SOUTH AFRICA,2024,13,0.0,0.0
SOUTH AFRICA,2024,14,5.0,0.0
SOUTH AFRICA,2023,35,1390.0,47.0
SOUTH AFRICA,2023,36,0.0,0.0
SOUTH AFRICA,2023,37,0.0,0.0
SOUTH AFRICA,2023,38,0.0,0.0
SOUTH AFRICA,2023,39,0.0,0.0
SOUTH AFRICA,2023,40,0.0,0.0
SOUTH AFRICA,2023,41,0.0,0.0
SOUTH AFRICA,2023,42,0.0,0.0
SOUTH AFRICA,2023,43,0.0,0.0
SOUTH AFRICA,2023,44,0.0,0.0
SOUTH AFRICA,2023,45,0.0,0.0
SOUTH AFRICA,2023,46,0.0,0.0
SOUTH AFRICA,2023,47,0.0,0.0
SOUTH AFRICA,2023,48,0.0,0.0
SOUTH AFRICA,2023,49,1.0,0.0
SOUTH AFRICA,2023,50,0.0,0.0
SOUTH AFRICA,2023,51,0.0,0.0
SOUTH AFRICA,2023,52,0.0,0.0
SUDAN,2024,1,390.0,14.0
SUDAN,2024,2,393.0,18.0
SUDAN,2024,3,472.0,13.0
SUDAN,2024,4,329.0,6.0
SUDAN,2024,5,204.0,8.0
SUDAN,2024,6,127.0,6.0
SUDAN,2024,7,1111.0,5.0
SUDAN,2024,8,,0.0
SUDAN,2024,9,61.0,0.0
SUDAN,2024,10,38.0,2.0
SUDAN,2024,11,28.0,2.0
SUDAN,2024,12,39.0,1.0
SUDAN,2024,13,40.0,1.0
SUDAN,2024,14,19.0,0.0
SUDAN,2024,15,18.0,0.0
SUDAN,2024,16,12.0,0.0
SUDAN,2024,17,14.0,0.0
SUDAN,2024,18,12.0,0.0
SUDAN,2024,19,12.0,1.0
SUDAN,2024,20,6.0,0.0
SUDAN,2024,21,4.0,0.0
SUDAN,2024,22,2.0,0.0
SUDAN,2024,23,2.0,0.0
SUDAN,2024,24,0.0,0.0
SUDAN,2024,25,0.0,0.0
SUDAN,2023,26,51.0,0.0
SUDAN,2024,26,1.0,0.0
SUDAN,2023,27,173.0,0.0
SUDAN,2024,27,0.0,0.0
SUDAN,2023,28,62.0,1.0
SUDAN,2024,28,2.0,0.0
SUDAN,2023,29,21.0,0.0
SUDAN,2024,29,1.0,0.0
SUDAN,2023,30,29.0,6.0
SUDAN,2024,30,4.0,0.0
SUDAN,2023,31,10.0,0.0
SUDAN,2023,32,0.0,1.0
SUDAN,2023,33,0.0,0.0
SUDAN,2023,34,2.0,0.0
SUDAN,2023,35,32.0,4.0
SUDAN,2023,36,64.0,4.0
SUDAN,2023,37,52.0,2.0
SUDAN,2023,38,101.0,7.0
SUDAN,2023,39,174.0,14.0
SUDAN,2023,40,172.0,10.0
SUDAN,2023,41,288.0,12.0
SUDAN,2023,42,387.0,8.0
SUDAN,2023,43,478.0,7.0
SUDAN,2023,44,329.0,8.0
SUDAN,2023,45,532.0,13.0
SUDAN,2023,46,453.0,18.0
SUDAN,2023,47,768.0,21.0
SUDAN,2023,48,1092.0,32.0
SUDAN,2023,49,1468.0,32.0
SUDAN,2023,50,1139.0,22.0
SUDAN,2023,51,498.0,9.0
SUDAN,2023,52,458.0,15.0
SYRIAN ARAB REPUBLIC,2023,1,15890.0,0.0
SYRIAN ARAB REPUBLIC,2024,1,1709.0,0.0
SYRIAN ARAB REPUBLIC,2023,2,0.0,0.0
SYRIAN ARAB REPUBLIC,2024,2,2102.0,0.0
SYRIAN ARAB REPUBLIC,2023,3,7046.0,1.0
SYRIAN ARAB REPUBLIC,2024,3,2087.0,0.0
SYRIAN ARAB REPUBLIC,2023,4,0.0,0.0
SYRIAN ARAB REPUBLIC,2024,4,1987.0,0.0
SYRIAN ARAB REPUBLIC,2023,5,0.0,0.0
SYRIAN ARAB REPUBLIC,2024,5,1419.0,0.0
SYRIAN ARAB REPUBLIC,2023,6,0.0,0.0
SYRIAN ARAB REPUBLIC,2024,6,332.0,0.0
SYRIAN ARAB REPUBLIC,2023,7,8042.0,0.0
SYRIAN ARAB REPUBLIC,2024,7,81.0,0.0
SYRIAN ARAB REPUBLIC,2023,8,0.0,0.0
SYRIAN ARAB REPUBLIC,2024,8,27.0,0.0
SYRIAN ARAB REPUBLIC,2023,9,0.0,0.0
SYRIAN ARAB REPUBLIC,2024,9,70.0,0.0
SYRIAN ARAB REPUBLIC,2023,10,0.0,0.0
SYRIAN ARAB REPUBLIC,2024,10,44.0,0.0
SYRIAN ARAB REPUBLIC,2023,11,13310.0,3.0
SYRIAN ARAB REPUBLIC,2024,11,31.0,0.0
SYRIAN ARAB REPUBLIC,2023,12,0.0,0.0
SYRIAN ARAB REPUBLIC,2024,12,13.0,0.0
SYRIAN ARAB REPUBLIC,2023,13,0.0,0.0
SYRIAN ARAB REPUBLIC,2024,13,28.0,0.0
SYRIAN ARAB REPUBLIC,2023,14,5125.0,0.0
SYRIAN ARAB REPUBLIC,2024,14,21.0,0.0
SYRIAN ARAB REPUBLIC,2023,15,0.0,0.0
SYRIAN ARAB REPUBLIC,2024,15,11.0,0.0
SYRIAN ARAB REPUBLIC,2023,16,0.0,0.0
SYRIAN ARAB REPUBLIC,2024,16,20.0,0.0
SYRIAN ARAB REPUBLIC,2023,17,0.0,0.0
SYRIAN ARAB REPUBLIC,2024,17,41.0,0.0
SYRIAN ARAB REPUBLIC,2023,18,0.0,0.0
SYRIAN ARAB REPUBLIC,2024,18,20.0,0.0
SYRIAN ARAB REPUBLIC,2023,19,0.0,0.0
SYRIAN ARAB REPUBLIC,2024,19,21.0,0.0
SYRIAN ARAB REPUBLIC,2023,20,21698.0,0.0
SYRIAN ARAB REPUBLIC,2024,20,22.0,0.0
SYRIAN ARAB REPUBLIC,2023,21,0.0,0.0
SYRIAN ARAB REPUBLIC,2024,21,28.0,0.0
SYRIAN ARAB REPUBLIC,2023,22,0.0,0.0
SYRIAN ARAB REPUBLIC,2024,22,25.0,0.0
SYRIAN ARAB REPUBLIC,2023,23,0.0,0.0
SYRIAN ARAB REPUBLIC,2024,23,31.0,0.0
SYRIAN ARAB REPUBLIC,2023,24,0.0,0.0
SYRIAN ARAB REPUBLIC,2024,24,21.0,0.0
SYRIAN ARAB REPUBLIC,2023,25,0.0,0.0
SYRIAN ARAB REPUBLIC,2024,25,19.0,0.0
SYRIAN ARAB REPUBLIC,2023,26,0.0,0.0
SYRIAN ARAB REPUBLIC,2024,26,45.0,0.0
SYRIAN ARAB REPUBLIC,2023,27,24414.0,0.0
SYRIAN ARAB REPUBLIC,2024,27,0.0,0.0
SYRIAN ARAB REPUBLIC,2023,28,0.0,0.0
SYRIAN ARAB REPUBLIC,2024,28,0.0,0.0
SYRIAN ARAB REPUBLIC,2023,29,0.0,0.0
SYRIAN ARAB REPUBLIC,2024,29,0.0,0.0
SYRIAN ARAB REPUBLIC,2023,30,0.0,0.0
SYRIAN ARAB REPUBLIC,2024,30,165.0,0.0
SYRIAN ARAB REPUBLIC,2023,31,16149.0,1.0
SYRIAN ARAB REPUBLIC,2023,32,0.0,0.0
SYRIAN ARAB REPUBLIC,2023,33,0.0,0.0
SYRIAN ARAB REPUBLIC,2023,34,0.0,0.0
SYRIAN ARAB REPUBLIC,2023,35,16029.0,4.0
SYRIAN ARAB REPUBLIC,2023,36,0.0,0.0
SYRIAN ARAB REPUBLIC,2023,37,0.0,0.0
SYRIAN ARAB REPUBLIC,2023,38,0.0,0.0
SYRIAN ARAB REPUBLIC,2023,39,0.0,0.0
SYRIAN ARAB REPUBLIC,2023,40,0.0,0.0
SYRIAN ARAB REPUBLIC,2023,41,19587.0,0.0
SYRIAN ARAB REPUBLIC,2023,42,8551.0,
SYRIAN ARAB REPUBLIC,2023,43,0.0,0.0
SYRIAN ARAB REPUBLIC,2023,44,0.0,0.0
SYRIAN ARAB REPUBLIC,2023,45,0.0,0.0
SYRIAN ARAB REPUBLIC,2023,46,5779.0,1.0
SYRIAN ARAB REPUBLIC,2023,47,0.0,0.0
SYRIAN ARAB REPUBLIC,2023,48,0.0,0.0
SYRIAN ARAB REPUBLIC,2023,49,0.0,0.0
SYRIAN ARAB REPUBLIC,2023,50,18668.0,0.0
SYRIAN ARAB REPUBLIC,2023,51,0.0,0.0
SYRIAN ARAB REPUBLIC,2023,52,0.0,0.0
TOGO,2024,1,0.0,0.0
TOGO,2024,2,0.0,0.0
TOGO,2024,3,0.0,0.0
TOGO,2024,4,0.0,0.0
TOGO,2024,5,0.0,0.0
TOGO,2024,6,0.0,0.0
TOGO,2024,7,0.0,0.0
TOGO,2024,8,0.0,0.0
TOGO,2024,9,0.0,0.0
TOGO,2024,10,0.0,0.0
TOGO,2024,11,0.0,0.0
TOGO,2024,12,0.0,0.0
TOGO,2024,13,0.0,0.0
TOGO,2024,14,0.0,0.0
TOGO,2024,15,0.0,0.0
TOGO,2024,16,0.0,0.0
TOGO,2024,17,0.0,0.0
TOGO,2024,18,0.0,0.0
TOGO,2024,19,0.0,0.0
TOGO,2024,20,0.0,0.0
TOGO,2024,21,0.0,0.0
TOGO,2024,22,0.0,0.0
TOGO,2024,23,0.0,0.0
TOGO,2024,24,0.0,0.0
TOGO,2024,25,0.0,0.0
TOGO,2024,26,0.0,0.0
TOGO,2024,27,0.0,0.0
TOGO,2024,28,0.0,0.0
TOGO,2024,29,0.0,0.0
TOGO,2024,30,1.0,0.0
TOGO,2024,31,0.0,0.0
TOGO,2024,32,0.0,0.0
TOGO,2024,33,4.0,1.0
TOGO,2023,50,1.0,0.0
TOGO,2023,51,0.0,0.0
TOGO,2023,52,0.0,0.0
UGANDA,2024,1,0.0,0.0
UGANDA,2024,2,0.0,0.0
UGANDA,2024,3,0.0,0.0
UGANDA,2024,4,0.0,0.0
UGANDA,2024,5,6.0,1.0
UGANDA,2024,6,0.0,0.0
UGANDA,2024,7,0.0,0.0
UGANDA,2024,8,0.0,0.0
UGANDA,2024,9,0.0,0.0
UGANDA,2024,10,0.0,0.0
UGANDA,2024,11,26.0,0.0
UGANDA,2024,12,0.0,0.0
UGANDA,2024,13,0.0,0.0
UGANDA,2024,14,0.0,0.0
UGANDA,2024,15,0.0,0.0
UGANDA,2024,16,0.0,0.0
UGANDA,2024,17,0.0,0.0
UGANDA,2024,18,14.0,1.0
UGANDA,2024,19,0.0,0.0
UGANDA,2024,20,43.0,3.0
UGANDA,2023,30,43.0,8.0
UGANDA,2023,31,0.0,0.0
UGANDA,2023,32,0.0,0.0
UGANDA,2023,33,34.0,1.0
UGANDA,2023,34,0.0,1.0
UGANDA,2023,35,4.0,0.0
UGANDA,2023,36,0.0,0.0
UGANDA,2023,37,0.0,0.0
UGANDA,2023,38,0.0,0.0
UGANDA,2023,39,0.0,0.0
UGANDA,2023,40,0.0,0.0
UGANDA,2023,41,0.0,0.0
UGANDA,2023,42,0.0,0.0
UGANDA,2023,43,0.0,0.0
UGANDA,2023,44,0.0,0.0
UGANDA,2023,45,0.0,0.0
UGANDA,2023,46,0.0,0.0
UGANDA,2023,47,0.0,0.0
UGANDA,2023,48,0.0,0.0
UGANDA,2023,49,0.0,0.0
UGANDA,2023,50,0.0,0.0
UGANDA,2023,51,0.0,0.0
UGANDA,2023,52,0.0,0.0
UNITED REPUBLIC OF TANZANIA,2024,1,108.0,6.0
UNITED REPUBLIC OF TANZANIA,2024,2,246.0,3.0
UNITED REPUBLIC OF TANZANIA,2023,3,5.0,1.0
UNITED REPUBLIC OF TANZANIA,2024,3,174.0,3.0
UNITED REPUBLIC OF TANZANIA,2023,4,2.0,0.0
UNITED REPUBLIC OF TANZANIA,2024,4,123.0,2.0
UNITED REPUBLIC OF TANZANIA,2023,5,2.0,2.0
UNITED REPUBLIC OF TANZANIA,2024,5,159.0,1.0
UNITED REPUBLIC OF TANZANIA,2023,6,15.0,0.0
UNITED REPUBLIC OF TANZANIA,2024,6,0.0,0.0
UNITED REPUBLIC OF TANZANIA,2023,7,3.0,0.0
UNITED REPUBLIC OF TANZANIA,2024,7,230.0,1.0
UNITED REPUBLIC OF TANZANIA,2023,8,2.0,0.0
UNITED REPUBLIC OF TANZANIA,2024,8,0.0,0.0
UNITED REPUBLIC OF TANZANIA,2023,9,6.0,
UNITED REPUBLIC OF TANZANIA,2024,9,436.0,6.0
UNITED REPUBLIC OF TANZANIA,2023,10,4.0,0.0
UNITED REPUBLIC OF TANZANIA,2024,10,227.0,3.0
UNITED REPUBLIC OF TANZANIA,2023,11,33.0,3.0
UNITED REPUBLIC OF TANZANIA,2024,11,154.0,2.0
UNITED REPUBLIC OF TANZANIA,2023,12,0.0,0.0
UNITED REPUBLIC OF TANZANIA,2024,12,186.0,1.0
UNITED REPUBLIC OF TANZANIA,2023,13,0.0,0.0
UNITED REPUBLIC OF TANZANIA,2024,13,0.0,0.0
UNITED REPUBLIC OF TANZANIA,2023,14,0.0,0.0
UNITED REPUBLIC OF TANZANIA,2024,14,238.0,2.0
UNITED REPUBLIC OF TANZANIA,2023,15,0.0,0.0
UNITED REPUBLIC OF TANZANIA,2024,15,168.0,1.0
UNITED REPUBLIC OF TANZANIA,2023,16,10.0,0.0
UNITED REPUBLIC OF TANZANIA,2024,16,78.0,0.0
UNITED REPUBLIC OF TANZANIA,2023,17,0.0,0.0
UNITED REPUBLIC OF TANZANIA,2024,17,114.0,7.0
UNITED REPUBLIC OF TANZANIA,2023,18,5.0,0.0
UNITED REPUBLIC OF TANZANIA,2024,18,32.0,0.0
UNITED REPUBLIC OF TANZANIA,2023,19,0.0,0.0
UNITED REPUBLIC OF TANZANIA,2024,19,132.0,5.0
UNITED REPUBLIC OF TANZANIA,2023,20,0.0,0.0
UNITED REPUBLIC OF TANZANIA,2024,20,71.0,2.0
UNITED REPUBLIC OF TANZANIA,2023,21,0.0,0.0
UNITED REPUBLIC OF TANZANIA,2024,21,156.0,3.0
UNITED REPUBLIC OF TANZANIA,2023,22,0.0,0.0
UNITED REPUBLIC OF TANZANIA,2024,22,54.0,0.0
UNITED REPUBLIC OF TANZANIA,2023,23,0.0,0.0
UNITED REPUBLIC OF TANZANIA,2024,23,47.0,1.0
UNITED REPUBLIC OF TANZANIA,2023,24,0.0,0.0
UNITED REPUBLIC OF TANZANIA,2024,24,0.0,0.0
UNITED REPUBLIC OF TANZANIA,2023,25,0.0,0.0
UNITED REPUBLIC OF TANZANIA,2024,25,64.0,2.0
UNITED REPUBLIC OF TANZANIA,2023,26,0.0,0.0
UNITED REPUBLIC OF TANZANIA,2024,26,158.0,1.0
UNITED REPUBLIC OF TANZANIA,2023,27,0.0,0.0
UNITED REPUBLIC OF TANZANIA,2024,27,90.0,6.0
UNITED REPUBLIC OF TANZANIA,2023,28,284.0,1.0
UNITED REPUBLIC OF TANZANIA,2024,28,79.0,0.0
UNITED REPUBLIC OF TANZANIA,2023,29,2.0,0.0
UNITED REPUBLIC OF TANZANIA,2024,29,197.0,5.0
UNITED REPUBLIC OF TANZANIA,2023,30,3.0,0.0
UNITED REPUBLIC OF TANZANIA,2024,30,0.0,0.0
UNITED REPUBLIC OF TANZANIA,2023,31,0.0,0.0
UNITED REPUBLIC OF TANZANIA,2024,31,127.0,2.0
UNITED REPUBLIC OF TANZANIA,2023,32,0.0,0.0
UNITED REPUBLIC OF TANZANIA,2024,32,279.0,5.0
UNITED REPUBLIC OF TANZANIA,2023,33,0.0,0.0
UNITED REPUBLIC OF TANZANIA,2024,33,204.0,3.0
UNITED REPUBLIC OF TANZANIA,2023,34,0.0,0.0
UNITED REPUBLIC OF TANZANIA,2023,35,0.0,0.0
UNITED REPUBLIC OF TANZANIA,2023,36,0.0,0.0
UNITED REPUBLIC OF TANZANIA,2023,37,0.0,0.0
UNITED REPUBLIC OF TANZANIA,2023,38,0.0,0.0
UNITED REPUBLIC OF TANZANIA,2023,39,0.0,0.0
UNITED REPUBLIC OF TANZANIA,2023,40,189.0,7.0
UNITED REPUBLIC OF TANZANIA,2023,41,104.0,2.0
UNITED REPUBLIC OF TANZANIA,2023,42,69.0,0.0
UNITED REPUBLIC OF TANZANIA,2023,43,122.0,2.0
UNITED REPUBLIC OF TANZANIA,2023,44,80.0,3.0
UNITED REPUBLIC OF TANZANIA,2023,45,77.0,1.0
UNITED REPUBLIC OF TANZANIA,2023,46,0.0,0.0
UNITED REPUBLIC OF TANZANIA,2023,47,0.0,0.0
UNITED REPUBLIC OF TANZANIA,2023,48,11.0,4.0
UNITED REPUBLIC OF TANZANIA,2023,49,8.0,0.0
UNITED REPUBLIC OF TANZANIA,2023,50,0.0,0.0
UNITED REPUBLIC OF TANZANIA,2023,51,16.0,0.0
UNITED REPUBLIC OF TANZANIA,2023,52,16.0,0.0
YEMEN,2023,1,58.0,1.0
YEMEN,2024,1,96.0,0.0
YEMEN,2023,2,77.0,0.0
YEMEN,2024,2,91.0,0.0
YEMEN,2023,3,68.0,0.0
YEMEN,2024,3,78.0,1.0
YEMEN,2023,4,36.0,0.0
YEMEN,2024,4,45.0,0.0
YEMEN,2023,5,44.0,0.0
YEMEN,2024,5,46.0,0.0
YEMEN,2023,6,30.0,0.0
YEMEN,2024,6,55.0,0.0
YEMEN,2023,7,68.0,0.0
YEMEN,2024,7,58.0,0.0
YEMEN,2023,8,48.0,0.0
YEMEN,2024,8,43.0,1.0
YEMEN,2023,9,33.0,0.0
YEMEN,2024,9,52.0,0.0
YEMEN,2023,10,37.0,0.0
YEMEN,2024,10,47.0,0.0
YEMEN,2023,11,32.0,0.0
YEMEN,2024,11,37.0,0.0
YEMEN,2023,12,25.0,0.0
YEMEN,2024,12,68.0,0.0
YEMEN,2023,13,33.0,0.0
YEMEN,2024,13,168.0,3.0
YEMEN,2023,14,51.0,0.0
YEMEN,2024,14,391.0,2.0
YEMEN,2023,15,35.0,0.0
YEMEN,2024,15,514.0,5.0
YEMEN,2023,16,19.0,0.0
YEMEN,2024,16,663.0,7.0
YEMEN,2023,17,24.0,0.0
YEMEN,2024,17,1047.0,3.0
YEMEN,2023,18,47.0,0.0
YEMEN,2024,18,911.0,2.0
YEMEN,2023,19,106.0,0.0
YEMEN,2024,19,826.0,10.0
YEMEN,2023,20,44.0,0.0
YEMEN,2024,20,1038.0,8.0
YEMEN,2023,21,54.0,0.0
YEMEN,2024,21,1075.0,7.0
YEMEN,2023,22,41.0,0.0
YEMEN,2024,22,1414.0,9.0
YEMEN,2023,23,63.0,0.0
YEMEN,2024,23,1608.0,12.0
YEMEN,2023,24,61.0,0.0
YEMEN,2024,24,1438.0,15.0
YEMEN,2023,25,43.0,0.0
YEMEN,2024,25,1677.0,15.0
YEMEN,2023,26,27.0,0.0
YEMEN,2024,26,1893.0,10.0
YEMEN,2023,27,77.0,1.0
YEMEN,2024,27,2097.0,7.0
YEMEN,2023,28,86.0,1.0
YEMEN,2024,28,2524.0,11.0
YEMEN,2023,29,81.0,0.0
YEMEN,2024,29,2344.0,9.0
YEMEN,2023,30,60.0,0.0
YEMEN,2024,30,1722.0,2.0
YEMEN,2023,31,41.0,0.0
YEMEN,2024,31,2346.0,4.0
YEMEN,2023,32,64.0,0.0
YEMEN,2024,32,2203.0,6.0
YEMEN,2023,33,68.0,0.0
YEMEN,2023,34,53.0,0.0
YEMEN,2023,35,47.0,0.0
YEMEN,2023,36,49.0,0.0
YEMEN,2023,37,70.0,0.0
YEMEN,2023,38,56.0,0.0
YEMEN,2023,39,48.0,0.0
YEMEN,2023,40,61.0,0.0
YEMEN,2023,41,97.0,0.0
YEMEN,2023,42,157.0,0.0
YEMEN,2023,43,147.0,0.0
YEMEN,2023,44,124.0,1.0
YEMEN,2023,45,143.0,0.0
YEMEN,2023,46,200.0,4.0
YEMEN,2023,47,206.0,5.0
YEMEN,2023,48,202.0,1.0
YEMEN,2023,49,184.0,0.0
YEMEN,2023,50,123.0,0.0
YEMEN,2023,51,82.0,0.0
YEMEN,2023,52,74.0,0.0
ZAMBIA,2024,1,2696.0,133.0
ZAMBIA,2023,2,2.0,0.0
ZAMBIA,2024,2,3478.0,127.0
ZAMBIA,2023,3,5.0,0.0
ZAMBIA,2024,3,3160.0,124.0
ZAMBIA,2023,4,13.0,1.0
ZAMBIA,2024,4,2776.0,86.0
ZAMBIA,2023,5,44.0,0.0
ZAMBIA,2024,5,2100.0,53.0
ZAMBIA,2023,6,62.0,1.0
ZAMBIA,2024,6,1146.0,26.0
ZAMBIA,2023,7,43.0,2.0
ZAMBIA,2024,7,955.0,27.0
ZAMBIA,2023,8,22.0,0.0
ZAMBIA,2024,8,703.0,12.0
ZAMBIA,2023,9,24.0,0.0
ZAMBIA,2024,9,667.0,12.0
ZAMBIA,2023,10,5.0,0.0
ZAMBIA,2024,10,553.0,2.0
ZAMBIA,2023,11,5.0,1.0
ZAMBIA,2024,11,451.0,7.0
ZAMBIA,2023,12,43.0,2.0
ZAMBIA,2024,12,370.0,6.0
ZAMBIA,2023,13,23.0,0.0
ZAMBIA,2024,13,264.0,6.0
ZAMBIA,2023,14,26.0,1.0
ZAMBIA,2024,14,201.0,4.0
ZAMBIA,2023,15,17.0,0.0
ZAMBIA,2024,15,208.0,6.0
ZAMBIA,2023,16,28.0,0.0
ZAMBIA,2024,16,155.0,2.0
ZAMBIA,2023,17,91.0,3.0
ZAMBIA,2024,17,116.0,3.0
ZAMBIA,2023,18,56.0,0.0
ZAMBIA,2024,18,54.0,1.0
ZAMBIA,2023,19,112.0,1.0
ZAMBIA,2024,19,24.0,0.0
ZAMBIA,2023,20,33.0,0.0
ZAMBIA,2024,20,18.0,0.0
ZAMBIA,2023,21,34.0,1.0
ZAMBIA,2024,21,18.0,0.0
ZAMBIA,2023,22,42.0,0.0
ZAMBIA,2024,22,11.0,0.0
ZAMBIA,2023,23,26.0,0.0
ZAMBIA,2024,23,49.0,0.0
ZAMBIA,2023,24,1.0,1.0
ZAMBIA,2024,24,41.0,0.0
ZAMBIA,2023,25,0.0,0.0
ZAMBIA,2024,25,4.0,0.0
ZAMBIA,2023,26,0.0,0.0
ZAMBIA,2024,26,1.0,0.0
ZAMBIA,2023,27,0.0,0.0
ZAMBIA,2024,27,0.0,0.0
ZAMBIA,2023,28,0.0,0.0
ZAMBIA,2024,28,0.0,0.0
ZAMBIA,2023,29,0.0,0.0
ZAMBIA,2024,29,0.0,0.0
ZAMBIA,2023,30,0.0,0.0
ZAMBIA,2024,30,0.0,0.0
ZAMBIA,2023,31,0.0,0.0
ZAMBIA,2024,31,0.0,0.0
ZAMBIA,2023,32,11.0,0.0
ZAMBIA,2024,32,0.0,0.0
ZAMBIA,2023,33,0.0,
ZAMBIA,2023,34,15.0,11.0
ZAMBIA,2023,35,0.0,0.0
ZAMBIA,2023,36,105.0,5.0
ZAMBIA,2023,37,19.0,0.0
ZAMBIA,2023,38,9.0,0.0
ZAMBIA,2023,39,0.0,0.0
ZAMBIA,2023,40,16.0,0.0
ZAMBIA,2023,41,1.0,
ZAMBIA,2023,42,86.0,1.0
ZAMBIA,2023,43,249.0,1.0
ZAMBIA,2023,44,149.0,3.0
ZAMBIA,2023,45,133.0,5.0
ZAMBIA,2023,46,145.0,2.0
ZAMBIA,2023,47,98.0,3.0
ZAMBIA,2023,48,147.0,2.0
ZAMBIA,2023,49,188.0,12.0
ZAMBIA,2023,50,333.0,9.0
ZAMBIA,2023,51,623.0,21.0
ZAMBIA,2023,52,1011.0,43.0
ZIMBABWE,2024,1,1498.0,36.0
ZIMBABWE,2024,2,2085.0,38.0
ZIMBABWE,2024,3,1549.0,36.0
ZIMBABWE,2024,4,1581.0,46.0
ZIMBABWE,2024,5,1402.0,23.0
ZIMBABWE,2024,6,1273.0,26.0
ZIMBABWE,2023,7,8.0,0.0
ZIMBABWE,2024,7,1181.0,11.0
ZIMBABWE,2023,8,37.0,0.0
ZIMBABWE,2024,8,929.0,15.0
ZIMBABWE,2023,9,12.0,0.0
ZIMBABWE,2024,9,1040.0,21.0
ZIMBABWE,2023,10,0.0,0.0
ZIMBABWE,2024,10,912.0,13.0
ZIMBABWE,2023,11,57.0,1.0
ZIMBABWE,2024,11,1007.0,18.0
ZIMBABWE,2023,12,59.0,4.0
ZIMBABWE,2024,12,940.0,30.0
ZIMBABWE,2023,13,64.0,1.0
ZIMBABWE,2024,13,729.0,10.0
ZIMBABWE,2023,14,110.0,1.0
ZIMBABWE,2024,14,638.0,34.0
ZIMBABWE,2023,15,128.0,2.0
ZIMBABWE,2024,15,631.0,7.0
ZIMBABWE,2023,16,61.0,6.0
ZIMBABWE,2024,16,667.0,17.0
ZIMBABWE,2023,17,57.0,3.0
ZIMBABWE,2024,17,544.0,2.0
ZIMBABWE,2023,18,129.0,3.0
ZIMBABWE,2024,18,444.0,6.0
ZIMBABWE,2023,19,178.0,4.0
ZIMBABWE,2024,19,347.0,1.0
ZIMBABWE,2023,20,385.0,10.0
ZIMBABWE,2024,20,209.0,5.0
ZIMBABWE,2023,21,364.0,9.0
ZIMBABWE,2024,21,153.0,0.0
ZIMBABWE,2023,22,427.0,4.0
ZIMBABWE,2024,22,128.0,1.0
ZIMBABWE,2023,23,295.0,10.0
ZIMBABWE,2024,23,114.0,0.0
ZIMBABWE,2023,24,318.0,11.0
ZIMBABWE,2024,24,19.0,1.0
ZIMBABWE,2023,25,338.0,2.0
ZIMBABWE,2024,25,9.0,1.0
ZIMBABWE,2023,26,170.0,1.0
ZIMBABWE,2024,26,4.0,1.0
ZIMBABWE,2023,27,260.0,6.0
ZIMBABWE,2024,27,0.0,0.0
ZIMBABWE,2023,28,128.0,1.0
ZIMBABWE,2024,28,0.0,0.0
ZIMBABWE,2023,29,108.0,1.0
ZIMBABWE,2024,29,0.0,0.0
ZIMBABWE,2023,30,109.0,2.0
ZIMBABWE,2024,30,0.0,0.0
ZIMBABWE,2023,31,39.0,14.0
ZIMBABWE,2024,31,0.0,0.0
ZIMBABWE,2023,32,31.0,0.0
ZIMBABWE,2023,33,15.0,0.0
ZIMBABWE,2023,34,7.0,0.0
ZIMBABWE,2023,35,19.0,0.0
ZIMBABWE,2023,36,35.0,2.0
ZIMBABWE,2023,37,27.0,3.0
ZIMBABWE,2023,38,131.0,11.0
ZIMBABWE,2023,39,366.0,14.0
ZIMBABWE,2023,40,258.0,4.0
ZIMBABWE,2023,41,224.0,17.0
ZIMBABWE,2023,42,433.0,4.0
ZIMBABWE,2023,43,577.0,15.0
ZIMBABWE,2023,44,522.0,10.0
ZIMBABWE,2023,45,636.0,15.0
ZIMBABWE,2023,46,965.0,12.0
ZIMBABWE,2023,47,1150.0,8.0
ZIMBABWE,2023,48,1026.0,19.0
ZIMBABWE,2023,49,1027.0,19.0
ZIMBABWE,2023,50,871.0,17.0
ZIMBABWE,2023,51,869.0,17.0
ZIMBABWE,2023,52,1487.0,37.0
